lat,lon,value
5.0,48.25,0.3950992
5.0,48.333343505859375,0.39422247
5.0,48.41667175292969,0.3891309
5.0,48.5,0.38162348
5.0,48.583343505859375,0.37262213
5.0,48.66667175292969,0.3622416
5.0,48.75,0.35805163
5.0,48.833343505859375,0.35705078
5.0,48.91667175292969,0.3547505
5.0,49.0,0.34951356
5.0,49.083343505859375,0.34414065
5.0,49.16667175292969,0.33976862
5.0,49.25,0.3347616
5.0,49.333343505859375,0.3303121
5.0,49.41667175292969,0.32576132
5.0,49.5,0.32153103
5.0,49.583343505859375,0.31688607
5.0,49.66667175292969,0.31204844
5.0,49.75,0.30726528
5.0,49.833343505859375,0.3028639
5.0,49.91667175292969,0.29947948
5.0,50.0,0.29709676
5.0,50.083343505859375,0.29503193
5.0,50.16667175292969,0.29327744
5.0,50.25,0.29211625
5.0,50.333343505859375,0.291535
5.0,50.41667175292969,0.29185134
5.0,50.5,0.2948044
5.0,50.583343505859375,0.29998198
5.0,50.66667175292969,0.3049675
5.0,50.75,0.30904308
5.0,50.833343505859375,0.31379735
5.0,50.91667175292969,0.31714627
5.0,51.0,0.32058012
5.0,51.083343505859375,0.32345226
5.0,51.16667175292969,0.32408077
5.0,51.25,0.3239745
5.0,51.333343505859375,0.32313058
5.0,51.41667175292969,0.32159346
5.0,51.5,0.3194725
5.0,51.583343505859375,0.3166586
5.0,51.66667175292969,0.31408614
5.0,51.75,0.31172228
5.0,51.833343505859375,0.3099093
5.0,51.91667175292969,0.30884394
5.0,52.0,0.3084529
5.0,52.083343505859375,0.30916113
5.0,52.16667175292969,0.3087773
5.0,52.25,0.3066098
5.0,52.333343505859375,0.3028444
5.0,52.41667175292969,0.29951534
5.0,52.5,0.29761928
5.0,52.583343505859375,0.29666477
5.0,52.66667175292969,0.2959226
5.0,52.75,0.2963098
5.0,52.833343505859375,0.29673454
5.0,52.91667175292969,0.29662472
5.0,53.0,0.2964598
5.0,53.083343505859375,0.29564297
5.0,53.16667175292969,0.29582655
5.0,53.25,0.2969182
5.0,53.333343505859375,0.298271
5.0,53.41667175292969,0.3005259
5.0,53.5,0.30299294
5.0,53.583343505859375,0.30601025
5.0,53.66667175292969,0.3080978
5.0,53.75,0.31016907
5.0,53.833343505859375,0.3124489
5.0,53.91667175292969,0.31485856
5.0,54.0,0.31674165
5.0,54.083343505859375,0.31795734
5.0,54.16667175292969,0.3182491
5.0,54.25,0.31875464
5.0,54.333343505859375,0.32046425
5.0,54.41667175292969,0.32272676
5.0,54.5,0.3248975
5.0,54.583343505859375,0.32716864
5.0,54.66667175292969,0.32837343
5.0,54.75,0.32872874
5.0,54.833343505859375,0.3299648
5.0,54.91667175292969,0.33210474
5.0,55.0,0.33408484
5.0,55.083343505859375,0.3355471
5.0,55.16667175292969,0.33760902
5.0,55.25,0.3394458
5.0,55.333343505859375,0.34137002
5.0,55.41667175292969,0.34321976
5.0,55.5,0.34527826
5.0,55.583343505859375,0.34694943
5.0,55.66667175292969,0.34799248
5.0,55.75,0.34848106
5.0,55.833343505859375,0.3489854
5.0,55.91667175292969,0.35006824
5.0,56.0,0.3516111
5.0,56.083343505859375,0.3527442
5.0,56.16667175292969,0.35298017
5.0,56.25,0.35261652
5.0,56.333343505859375,0.35199726
5.0,56.41667175292969,0.35154602
5.0,56.5,0.35146764
5.0,56.583343505859375,0.35149983
5.0,56.66667175292969,0.3514376
5.0,56.75,0.35113126
5.0,56.833343505859375,0.3501337
5.0,56.91667175292969,0.34832814
5.0,57.0,0.34596592
5.0,57.083343505859375,0.3437821
5.0,57.16667175292969,0.3423125
5.0,57.25,0.3417851
5.0,57.333343505859375,0.341959
5.0,57.41667175292969,0.34234193
5.0,57.5,0.34278357
5.0,57.583343505859375,0.34336892
5.0,57.66667175292969,0.3435477
5.0,57.75,0.34267524
5.0,57.833343505859375,0.34101754
5.0,57.91667175292969,0.33892044
5.0,58.0,0.3369453
5.0,58.083343505859375,0.33575732
5.0,58.16667175292969,0.33511904
5.0,58.25,0.33446798
5.0,58.333343505859375,0.33366445
5.0,58.41667175292969,0.33264005
5.0,58.5,0.33145556
5.0,58.583343505859375,0.3304904
5.0,58.66667175292969,0.33010694
5.0,58.75,0.330003
5.0,58.833343505859375,0.33001003
5.0,58.91667175292969,0.33039334
5.0,59.0,0.3313751
5.0,59.083343505859375,0.33257592
5.0,59.16667175292969,0.3335909
5.0,59.25,0.33432338
5.0,59.333343505859375,0.33504498
5.0,59.41667175292969,0.33597094
5.0,59.5,0.33730483
5.0,59.583343505859375,0.33881545
5.0,59.66667175292969,0.34019113
5.0,59.75,0.3412911
5.0,59.833343505859375,0.34219182
5.0,59.91667175292969,0.34331733
5.0,60.0,0.34509587
5.0,60.083343505859375,0.34855264
5.0,60.16667175292969,0.35258195
5.0,60.25,0.3564914
5.0,60.333343505859375,0.36058626
5.0,60.41667175292969,0.3643331
5.0,60.5,0.36755887
5.0,60.583343505859375,0.3711784
5.0,60.66667175292969,0.37560043
5.0,60.75,0.3800489
5.0,60.833343505859375,0.38382787
5.0,60.91667175292969,0.38617048
5.0,61.0,0.38791528
5.0,61.083343505859375,0.38937053
5.0,61.16667175292969,0.3904022
5.0,61.25,0.3917187
5.0,61.333343505859375,0.3940624
5.0,61.41667175292969,0.397337
5.0,61.5,0.40062022
5.0,61.583343505859375,0.40347412
5.0,61.66667175292969,0.40583178
5.0,61.75,0.4077434
5.0,61.833343505859375,0.4089485
5.0,61.91667175292969,0.409718
5.0,62.0,0.41040275
5.0,62.083343505859375,0.41098076
5.0,62.16667175292969,0.4113444
5.0,62.25,0.41141987
5.0,62.333343505859375,0.41066206
5.0,62.41667175292969,0.40934104
5.0,62.5,0.40758812
5.0,62.583343505859375,0.40507638
5.0,62.66667175292969,0.401847
5.0,62.75,0.3975355
5.0,62.833343505859375,0.39213017
5.0,62.91667175292969,0.3859489
5.0,63.0,0.37949273
5.0,63.083343505859375,0.37336794
5.0,63.16667175292969,0.36727503
5.0,63.25,0.36176056
5.0,63.333343505859375,0.35747418
5.0,63.41667175292969,0.35404453
5.0,63.5,0.35061717
5.0,63.583343505859375,0.34694397
5.0,63.66667175292969,0.34364572
5.0,63.75,0.341449
5.0,63.833343505859375,0.34024963
5.0,63.91667175292969,0.34007168
5.0,64.0,0.34068912
5.0,64.08334350585938,0.34113687
5.0,64.16667175292969,0.34080133
5.0,64.25,0.3397083
5.0,64.33334350585938,0.33827215
5.0,64.41667175292969,0.33682027
5.0,64.5,0.3357856
5.0,64.58334350585938,0.33507314
5.0,64.66667175292969,0.33445
5.0,64.75,0.33410805
5.0,64.83334350585938,0.33459422
5.0,64.91667175292969,0.33630288
5.0,65.0,0.33926708
5.0,65.08334350585938,0.34301138
5.0,65.16667175292969,0.34692937
5.0,65.25,0.35062662
5.0,65.33334350585938,0.35375223
5.0,65.41667175292969,0.35617203
5.0,65.5,0.35805178
5.0,65.58334350585938,0.35941434
5.0,65.66667175292969,0.36030537
5.0,65.75,0.36067814
5.0,65.83334350585938,0.36059454
5.0,65.91667175292969,0.3602969
5.0,66.0,0.36009693
5.0,66.08334350585938,0.36011353
5.0,66.16667175292969,0.36024716
5.0,66.25,0.36018348
5.0,66.33334350585938,0.3596744
5.0,66.41667175292969,0.35888478
5.0,66.5,0.35799646
5.0,66.58334350585938,0.3575276
5.0,66.66667175292969,0.35748833
5.0,66.75,0.35740405
5.0,66.83334350585938,0.35704753
5.0,66.91667175292969,0.35661876
5.0,67.0,0.35686854
5.0,67.08334350585938,0.3579842
5.0,67.16667175292969,0.3598768
5.0,67.25,0.36211553
5.0,67.33334350585938,0.36471042
5.0,67.41667175292969,0.36785316
5.0,67.5,0.37145647
5.0,67.58334350585938,0.37557444
5.0,67.66667175292969,0.38089952
5.0,67.75,0.38678318
5.0,67.83334350585938,0.39163452
5.0,67.91667175292969,0.39523762
5.0,68.0,0.3987778
5.0,68.08334350585938,0.40311766
5.0,68.16667175292969,0.4072308
5.0,68.25,0.41130152
5.0,68.33334350585938,0.41487458
5.0,68.41667175292969,0.41720405
5.0,68.5,0.41845816
5.0,68.58334350585938,0.4194469
5.0,68.66667175292969,0.42052183
5.0,68.75,0.42172617
5.0,68.83334350585938,0.42286092
5.0,68.91667175292969,0.42376745
5.0,69.0,0.42464474
5.0,69.08334350585938,0.42564356
5.0,69.16667175292969,0.42679307
5.0,69.25,0.428359
5.0,69.33334350585938,0.43018565
5.0,69.41667175292969,0.4315583
5.0,69.5,0.43269065
5.0,69.58334350585938,0.43369687
5.0,69.66667175292969,0.43463984
5.0,69.75,0.435875
5.0,69.83334350585938,0.4379416
5.0,69.91667175292969,0.4409547
5.0,70.0,0.44316953
5.0,70.08334350585938,0.4442774
5.0,70.16667175292969,0.44453663
5.0,70.25,0.44533795
5.0,70.33334350585938,0.44754046
5.0,70.41667175292969,0.4506187
5.0,70.5,0.45438474
5.0,70.58334350585938,0.4583837
5.0,70.66667175292969,0.46151888
5.0,70.75,0.46387646
5.0,70.83334350585938,0.46567494
5.0,70.91667175292969,0.46690944
5.0,71.0,0.4680724
5.0,71.08334350585938,0.46916053
5.0,71.16667175292969,0.47182482
5.0,71.25,0.47297496
5.0,71.33334350585938,0.4727916
5.0,71.41667175292969,0.4718711
5.0,71.5,0.4699287
5.0,71.58334350585938,0.46662453
5.0,71.66667175292969,0.46228713
5.0,71.75,0.4593498
5.0,71.83334350585938,0.45863295
5.0,71.91667175292969,0.45803455
5.0,72.0,0.45776665
5.0,72.08334350585938,0.4583628
5.0,72.16667175292969,0.45868975
5.0,72.25,0.45881635
5.0,72.33334350585938,0.45955703
5.0,72.41667175292969,0.46188036
5.0,72.5,0.46603918
5.0,72.58334350585938,0.4668111
5.0,72.66667175292969,0.4663063
5.0,72.75,0.466923
5.0,72.83334350585938,0.46529898
5.0,72.91667175292969,0.46727526
5.0,73.0,0.465613
5.0,73.08334350585938,0.47458097
5.0,73.16667175292969,0.4722076
5.0,73.25,0.47005847
5.0,73.33334350585938,0.47098184
5.0,73.41667175292969,0.46844772
5.0,73.5,0.4649835
5.0,73.58334350585938,0.46334523
5.0,73.66667175292969,0.4599564
5.0,73.75,0.45684874
5.0,73.83334350585938,0.45236528
5.0,73.91667175292969,0.4471346
5.0,74.0,0.44199967
5.0,74.08334350585938,0.43775764
5.0,74.16667175292969,0.43420607
5.0,74.25,0.43037796
5.0,74.33334350585938,0.4268994
5.0,74.41667175292969,0.422605
5.0,74.5,0.41851944
5.0,74.58334350585938,0.4146654
5.0,74.66667175292969,0.41086584
5.0,74.75,0.40663525
5.0,74.83334350585938,0.40204933
5.0,74.91667175292969,0.39739048
5.0,75.0,0.3926072
5.0,75.08334350585938,0.38815758
5.0,75.16667175292969,0.38373008
5.0,75.25,0.3796537
5.0,75.33334350585938,0.37531927
5.0,75.41667175292969,0.37152806
5.0,75.5,0.3684299
5.0,75.58334350585938,0.36615336
5.0,75.66667175292969,0.36445907
5.0,75.75,0.3632027
5.0,75.83334350585938,0.36209872
5.0,75.91667175292969,0.36156932
5.0,76.0,0.36200273
5.0,76.08334350585938,0.36325783
5.0,76.16668701171875,0.3646123
5.0,76.25,0.3659798
5.0,76.33334350585938,0.3674869
5.0,76.41668701171875,0.36929876
5.0,76.5,0.37146267
5.0,76.58334350585938,0.37380692
5.0,76.66668701171875,0.37599885
5.0,76.75,0.37823808
5.0,76.83334350585938,0.38045108
5.0,76.91668701171875,0.3820147
5.0,77.0,0.3829886
5.0,77.08334350585938,0.38315403
5.0,77.16668701171875,0.3832511
5.0,77.25,0.38421467
5.0,77.33334350585938,0.38595417
5.0,77.41668701171875,0.3881214
5.0,77.5,0.39059478
5.0,77.58334350585938,0.39315674
5.0,77.66668701171875,0.39553365
5.0,77.75,0.39761898
5.0,77.83334350585938,0.4003847
5.0,77.91668701171875,0.40369284
5.0,78.0,0.40714982
5.0,78.08334350585938,0.41024482
5.0,78.16668701171875,0.412185
5.0,78.25,0.41369024
5.0,78.33334350585938,0.41479546
5.0,78.41668701171875,0.41418818
5.0,78.5,0.4129076
5.0,78.58334350585938,0.4112633
5.0,78.66668701171875,0.40836337
5.0,78.75,0.4046177
5.0,78.83334350585938,0.39983064
5.0,78.91668701171875,0.39528212
5.0,79.0,0.39192143
5.0,79.08334350585938,0.3891945
5.0,79.16668701171875,0.38640836
5.0,79.25,0.38412616
5.0,79.33334350585938,0.38070464
5.0,79.41668701171875,0.3762375
5.0,79.5,0.37084866
5.0,79.58334350585938,0.36487088
5.0,79.66668701171875,0.3587529
5.0,79.75,0.35404056
5.0,79.83334350585938,0.34975335
5.0,79.91668701171875,0.34523845
5.0,80.0,0.33998525
5.0,80.08334350585938,0.33538273
5.0,80.16668701171875,0.3313063
5.0,80.25,0.32801145
5.0,80.33334350585938,0.32585496
5.0,80.41668701171875,0.32376114
5.0,80.5,0.3216322
5.0,80.58334350585938,0.31908485
5.0,80.66668701171875,0.3160976
5.0,80.75,0.31375086
5.0,80.83334350585938,0.3121526
5.0,80.91668701171875,0.31071493
5.0,81.0,0.3092216
5.0,81.08334350585938,0.30821097
5.0,81.16668701171875,0.30778968
5.0,81.25,0.3078414
5.0,81.33334350585938,0.3083816
5.0,81.41668701171875,0.3093872
5.0,81.5,0.31034267
5.0,81.58334350585938,0.31102782
5.0,81.66668701171875,0.31141976
5.0,81.75,0.31171513
5.0,81.83334350585938,0.31208798
5.0,81.91668701171875,0.3128405
5.0,82.0,0.31347796
5.0,82.08334350585938,0.31375462
5.0,82.16668701171875,0.3144323
5.0,82.25,0.3156171
5.0,82.33334350585938,0.31593105
5.0,82.41668701171875,0.31463552
5.0,82.5,0.31265134
5.0,82.58334350585938,0.31124476
5.0,82.66668701171875,0.31057805
5.0,82.75,0.31076822
5.0,82.83334350585938,0.31119403
5.0,82.91668701171875,0.3116279
5.0,83.0,0.311603
5.0,83.08334350585938,0.31078726
5.0,83.16668701171875,0.30986518
5.0,83.25,0.3095056
5.0,83.33334350585938,0.31045005
5.0,83.41668701171875,0.31306106
5.0,83.5,0.3166928
5.0,83.58334350585938,0.32019693
5.0,83.66668701171875,0.32321188
5.0,83.75,0.32621992
5.0,83.83334350585938,0.32891637
5.0,83.91668701171875,0.3316576
5.0,84.0,0.33457893
5.0,84.08334350585938,0.3377245
5.0,84.16668701171875,0.34092334
5.0,84.25,0.34456855
5.0,84.33334350585938,0.34850243
5.0,84.41668701171875,0.3526775
5.0,84.5,0.3567004
5.0,84.58334350585938,0.36024165
5.0,84.66668701171875,0.36328882
5.0,84.75,0.3657031
5.0,84.83334350585938,0.3677424
5.0,84.91668701171875,0.3699491
5.0,85.0,0.37247053
5.0,85.08334350585938,0.37507656
5.0,85.16668701171875,0.3775505
5.0,85.25,0.38007325
5.0,85.33334350585938,0.3823937
5.0,85.41668701171875,0.38423005
5.0,85.5,0.38564017
5.0,85.58334350585938,0.38644832
5.0,85.66668701171875,0.3864293
5.0,85.75,0.38612688
5.0,85.83334350585938,0.3857882
5.0,85.91668701171875,0.38552544
5.0,86.0,0.38555524
5.0,86.08334350585938,0.38537106
5.0,86.16668701171875,0.38441133
5.0,86.25,0.38307655
5.0,86.33334350585938,0.3813509
5.0,86.41668701171875,0.37939104
5.0,86.5,0.37713975
5.0,86.58334350585938,0.37449765
5.0,86.66668701171875,0.37177742
5.0,86.75,0.36922565
5.0,86.83334350585938,0.3664732
5.0,86.91668701171875,0.36327234
5.0,87.0,0.35972267
5.0,87.08334350585938,0.35624027
5.0,87.16668701171875,0.3531691
5.0,87.25,0.3503426
5.0,87.33334350585938,0.3474192
5.0,87.41668701171875,0.3440356
5.0,87.5,0.34051368
5.0,87.58334350585938,0.3376921
5.0,87.66668701171875,0.33579245
5.0,87.75,0.3345013
5.0,87.83334350585938,0.33341512
5.0,87.91668701171875,0.33227468
5.0,88.0,0.33124933
5.0,88.08334350585938,0.33087137
5.0,88.16668701171875,0.33134156
5.0,88.25,0.3324825
5.0,88.33334350585938,0.33363828
5.0,88.41668701171875,0.33483675
5.0,88.5,0.3360758
5.0,88.58334350585938,0.3366243
5.0,88.66668701171875,0.33771664
5.0,88.75,0.3387947
5.0,88.83334350585938,0.3395648
5.0,88.91668701171875,0.33999544
5.0,89.0,0.33998945
5.0,89.08334350585938,0.34109774
5.0,89.16668701171875,0.34358475
5.0,89.25,0.34715673
5.0,89.33334350585938,0.34940386
5.0,89.41668701171875,0.35091838
5.0,89.5,0.3521948
5.0,89.58334350585938,0.35534796
5.0,89.66668701171875,0.36401328
5.0,89.75,0.3697683
5.0,89.83334350585938,0.3732528
5.0,89.91668701171875,0.37364858
5.0,90.0,0.37414384
5.0,90.08334350585938,0.3791288
5.0,90.16668701171875,0.38407126
5.0,90.25,0.3875611
5.0,90.33334350585938,0.3898365
5.0,90.41668701171875,0.39266765
5.0,90.5,0.39641556
5.0,90.58334350585938,0.40007952
5.0,90.66668701171875,0.40289322
5.0,90.75,0.40495682
5.0,90.83334350585938,0.40659076
5.083335876464844,48.333343505859375,0.39398864
5.083335876464844,48.41667175292969,0.39181003
5.083335876464844,48.5,0.3846261
5.083335876464844,48.583343505859375,0.37396726
5.083335876464844,48.66667175292969,0.36188644
5.083335876464844,48.75,0.35579824
5.083335876464844,48.833343505859375,0.35599747
5.083335876464844,48.91667175292969,0.354061
5.083335876464844,49.0,0.3491166
5.083335876464844,49.083343505859375,0.3446841
5.083335876464844,49.16667175292969,0.34034672
5.083335876464844,49.25,0.33486298
5.083335876464844,49.333343505859375,0.32974252
5.083335876464844,49.41667175292969,0.32440707
5.083335876464844,49.5,0.31946614
5.083335876464844,49.583343505859375,0.31304687
5.083335876464844,49.66667175292969,0.30666456
5.083335876464844,49.75,0.30095866
5.083335876464844,49.833343505859375,0.29569328
5.083335876464844,49.91667175292969,0.2913484
5.083335876464844,50.0,0.28884372
5.083335876464844,50.083343505859375,0.2877702
5.083335876464844,50.16667175292969,0.2871143
5.083335876464844,50.25,0.2870336
5.083335876464844,50.333343505859375,0.2867522
5.083335876464844,50.41667175292969,0.2872926
5.083335876464844,50.5,0.29071268
5.083335876464844,50.583343505859375,0.29584274
5.083335876464844,50.66667175292969,0.3013125
5.083335876464844,50.75,0.30609444
5.083335876464844,50.833343505859375,0.3108159
5.083335876464844,50.91667175292969,0.31511614
5.083335876464844,51.0,0.31919247
5.083335876464844,51.083343505859375,0.3217168
5.083335876464844,51.16667175292969,0.32287264
5.083335876464844,51.25,0.32342732
5.083335876464844,51.333343505859375,0.3235308
5.083335876464844,51.41667175292969,0.32316062
5.083335876464844,51.5,0.32182077
5.083335876464844,51.583343505859375,0.31928328
5.083335876464844,51.66667175292969,0.316126
5.083335876464844,51.75,0.31338513
5.083335876464844,51.833343505859375,0.3116238
5.083335876464844,51.91667175292969,0.31134552
5.083335876464844,52.0,0.31199464
5.083335876464844,52.083343505859375,0.312913
5.083335876464844,52.16667175292969,0.31265515
5.083335876464844,52.25,0.3105259
5.083335876464844,52.333343505859375,0.30699983
5.083335876464844,52.41667175292969,0.30381483
5.083335876464844,52.5,0.30242765
5.083335876464844,52.583343505859375,0.30211517
5.083335876464844,52.66667175292969,0.30153394
5.083335876464844,52.75,0.3018505
5.083335876464844,52.833343505859375,0.30204004
5.083335876464844,52.91667175292969,0.3015726
5.083335876464844,53.0,0.301331
5.083335876464844,53.083343505859375,0.30061835
5.083335876464844,53.16667175292969,0.30054495
5.083335876464844,53.25,0.30126652
5.083335876464844,53.333343505859375,0.30267522
5.083335876464844,53.41667175292969,0.30458018
5.083335876464844,53.5,0.30673778
5.083335876464844,53.583343505859375,0.3096699
5.083335876464844,53.66667175292969,0.31167957
5.083335876464844,53.75,0.31361517
5.083335876464844,53.833343505859375,0.31589222
5.083335876464844,53.91667175292969,0.3182719
5.083335876464844,54.0,0.32013375
5.083335876464844,54.083343505859375,0.32161254
5.083335876464844,54.16667175292969,0.3222401
5.083335876464844,54.25,0.32257017
5.083335876464844,54.333343505859375,0.32356334
5.083335876464844,54.41667175292969,0.32541636
5.083335876464844,54.5,0.32694632
5.083335876464844,54.583343505859375,0.32862893
5.083335876464844,54.66667175292969,0.3295892
5.083335876464844,54.75,0.32964215
5.083335876464844,54.833343505859375,0.33009717
5.083335876464844,54.91667175292969,0.33148092
5.083335876464844,55.0,0.33365977
5.083335876464844,55.083343505859375,0.33545357
5.083335876464844,55.16667175292969,0.33738086
5.083335876464844,55.25,0.33954912
5.083335876464844,55.333343505859375,0.34180778
5.083335876464844,55.41667175292969,0.34392783
5.083335876464844,55.5,0.34564868
5.083335876464844,55.583343505859375,0.34685048
5.083335876464844,55.66667175292969,0.347892
5.083335876464844,55.75,0.34858578
5.083335876464844,55.833343505859375,0.34921914
5.083335876464844,55.91667175292969,0.3499711
5.083335876464844,56.0,0.35103056
5.083335876464844,56.083343505859375,0.35204506
5.083335876464844,56.16667175292969,0.35274136
5.083335876464844,56.25,0.352853
5.083335876464844,56.333343505859375,0.3526488
5.083335876464844,56.41667175292969,0.3523762
5.083335876464844,56.5,0.35226926
5.083335876464844,56.583343505859375,0.35236204
5.083335876464844,56.66667175292969,0.35247606
5.083335876464844,56.75,0.35245067
5.083335876464844,56.833343505859375,0.3519305
5.083335876464844,56.91667175292969,0.35052624
5.083335876464844,57.0,0.3485664
5.083335876464844,57.083343505859375,0.34653082
5.083335876464844,57.16667175292969,0.34497967
5.083335876464844,57.25,0.34434107
5.083335876464844,57.333343505859375,0.34444925
5.083335876464844,57.41667175292969,0.34488064
5.083335876464844,57.5,0.34546664
5.083335876464844,57.583343505859375,0.34600604
5.083335876464844,57.66667175292969,0.34609234
5.083335876464844,57.75,0.34540918
5.083335876464844,57.833343505859375,0.34412518
5.083335876464844,57.91667175292969,0.3424211
5.083335876464844,58.0,0.34058675
5.083335876464844,58.083343505859375,0.33927444
5.083335876464844,58.16667175292969,0.33845267
5.083335876464844,58.25,0.3377426
5.083335876464844,58.333343505859375,0.33677465
5.083335876464844,58.41667175292969,0.33542266
5.083335876464844,58.5,0.3337884
5.083335876464844,58.583343505859375,0.3325218
5.083335876464844,58.66667175292969,0.33201408
5.083335876464844,58.75,0.33208677
5.083335876464844,58.833343505859375,0.3325093
5.083335876464844,58.91667175292969,0.33321398
5.083335876464844,59.0,0.3343653
5.083335876464844,59.083343505859375,0.33551246
5.083335876464844,59.16667175292969,0.3363752
5.083335876464844,59.25,0.3369848
5.083335876464844,59.333343505859375,0.3374722
5.083335876464844,59.41667175292969,0.33814374
5.083335876464844,59.5,0.33906344
5.083335876464844,59.583343505859375,0.34041357
5.083335876464844,59.66667175292969,0.34188735
5.083335876464844,59.75,0.34351593
5.083335876464844,59.833343505859375,0.34490138
5.083335876464844,59.91667175292969,0.34639803
5.083335876464844,60.0,0.3476012
5.083335876464844,60.083343505859375,0.3491193
5.083335876464844,60.16667175292969,0.35233214
5.083335876464844,60.25,0.35586685
5.083335876464844,60.333343505859375,0.36003357
5.083335876464844,60.41667175292969,0.36440533
5.083335876464844,60.5,0.36804855
5.083335876464844,60.583343505859375,0.3714169
5.083335876464844,60.66667175292969,0.37532204
5.083335876464844,60.75,0.3790472
5.083335876464844,60.833343505859375,0.38249442
5.083335876464844,60.91667175292969,0.38508645
5.083335876464844,61.0,0.38732642
5.083335876464844,61.083343505859375,0.38917735
5.083335876464844,61.16667175292969,0.39075696
5.083335876464844,61.25,0.3923312
5.083335876464844,61.333343505859375,0.39445844
5.083335876464844,61.41667175292969,0.3976451
5.083335876464844,61.5,0.4010836
5.083335876464844,61.583343505859375,0.40401945
5.083335876464844,61.66667175292969,0.40648058
5.083335876464844,61.75,0.40848455
5.083335876464844,61.833343505859375,0.40998912
5.083335876464844,61.91667175292969,0.4111547
5.083335876464844,62.0,0.4120686
5.083335876464844,62.083343505859375,0.41269675
5.083335876464844,62.16667175292969,0.412991
5.083335876464844,62.25,0.4129919
5.083335876464844,62.333343505859375,0.4123928
5.083335876464844,62.41667175292969,0.41126895
5.083335876464844,62.5,0.40932435
5.083335876464844,62.583343505859375,0.4067946
5.083335876464844,62.66667175292969,0.40362296
5.083335876464844,62.75,0.39893633
5.083335876464844,62.833343505859375,0.39331967
5.083335876464844,62.91667175292969,0.38735595
5.083335876464844,63.0,0.38141245
5.083335876464844,63.083343505859375,0.3755956
5.083335876464844,63.16667175292969,0.3695514
5.083335876464844,63.25,0.36426625
5.083335876464844,63.333343505859375,0.35969487
5.083335876464844,63.41667175292969,0.3554155
5.083335876464844,63.5,0.35120738
5.083335876464844,63.583343505859375,0.3469191
5.083335876464844,63.66667175292969,0.3431381
5.083335876464844,63.75,0.34069413
5.083335876464844,63.833343505859375,0.33975917
5.083335876464844,63.91667175292969,0.33988038
5.083335876464844,64.0,0.34074107
5.083335876464844,64.08334350585938,0.3412259
5.083335876464844,64.16667175292969,0.340868
5.083335876464844,64.25,0.33992633
5.083335876464844,64.33334350585938,0.33871183
5.083335876464844,64.41667175292969,0.33740938
5.083335876464844,64.5,0.33630624
5.083335876464844,64.58334350585938,0.33535558
5.083335876464844,64.66667175292969,0.33443555
5.083335876464844,64.75,0.3337893
5.083335876464844,64.83334350585938,0.33385068
5.083335876464844,64.91667175292969,0.3352118
5.083335876464844,65.0,0.33801132
5.083335876464844,65.08334350585938,0.34177807
5.083335876464844,65.16667175292969,0.34560475
5.083335876464844,65.25,0.34913215
5.083335876464844,65.33334350585938,0.3521169
5.083335876464844,65.41667175292969,0.35449556
5.083335876464844,65.5,0.35623628
5.083335876464844,65.58334350585938,0.3573824
5.083335876464844,65.66667175292969,0.35825378
5.083335876464844,65.75,0.35883525
5.083335876464844,65.83334350585938,0.35897067
5.083335876464844,65.91667175292969,0.3587723
5.083335876464844,66.0,0.35868984
5.083335876464844,66.08334350585938,0.35873294
5.083335876464844,66.16667175292969,0.35878217
5.083335876464844,66.25,0.3586384
5.083335876464844,66.33334350585938,0.35838398
5.083335876464844,66.41667175292969,0.35799143
5.083335876464844,66.5,0.3573708
5.083335876464844,66.58334350585938,0.35699594
5.083335876464844,66.66667175292969,0.3570012
5.083335876464844,66.75,0.35693783
5.083335876464844,66.83334350585938,0.3564878
5.083335876464844,66.91667175292969,0.356061
5.083335876464844,67.0,0.35637438
5.083335876464844,67.08334350585938,0.35757625
5.083335876464844,67.16667175292969,0.3595515
5.083335876464844,67.25,0.3621169
5.083335876464844,67.33334350585938,0.36517498
5.083335876464844,67.41667175292969,0.368755
5.083335876464844,67.5,0.37243873
5.083335876464844,67.58334350585938,0.37742928
5.083335876464844,67.66667175292969,0.38335666
5.083335876464844,67.75,0.38941666
5.083335876464844,67.83334350585938,0.39442477
5.083335876464844,67.91667175292969,0.39783967
5.083335876464844,68.0,0.401442
5.083335876464844,68.08334350585938,0.4057438
5.083335876464844,68.16667175292969,0.41006783
5.083335876464844,68.25,0.4143176
5.083335876464844,68.33334350585938,0.41796455
5.083335876464844,68.41667175292969,0.42042565
5.083335876464844,68.5,0.42183575
5.083335876464844,68.58334350585938,0.42285156
5.083335876464844,68.66667175292969,0.42403862
5.083335876464844,68.75,0.425372
5.083335876464844,68.83334350585938,0.42659676
5.083335876464844,68.91667175292969,0.4276557
5.083335876464844,69.0,0.4286387
5.083335876464844,69.08334350585938,0.4296474
5.083335876464844,69.16667175292969,0.43081537
5.083335876464844,69.25,0.4325077
5.083335876464844,69.33334350585938,0.434285
5.083335876464844,69.41667175292969,0.43548688
5.083335876464844,69.5,0.43641868
5.083335876464844,69.58334350585938,0.43729445
5.083335876464844,69.66667175292969,0.4384299
5.083335876464844,69.75,0.44013312
5.083335876464844,69.83334350585938,0.4427771
5.083335876464844,69.91667175292969,0.445809
5.083335876464844,70.0,0.44774753
5.083335876464844,70.08334350585938,0.44904596
5.083335876464844,70.16667175292969,0.45040533
5.083335876464844,70.25,0.45270726
5.083335876464844,70.33334350585938,0.45550406
5.083335876464844,70.41667175292969,0.45822063
5.083335876464844,70.5,0.4610738
5.083335876464844,70.58334350585938,0.4640927
5.083335876464844,70.66667175292969,0.46633106
5.083335876464844,70.75,0.467632
5.083335876464844,70.83334350585938,0.46875733
5.083335876464844,70.91667175292969,0.47009608
5.083335876464844,71.0,0.471462
5.083335876464844,71.08334350585938,0.47295484
5.083335876464844,71.16667175292969,0.47589967
5.083335876464844,71.25,0.4772719
5.083335876464844,71.33334350585938,0.4772585
5.083335876464844,71.41667175292969,0.47595176
5.083335876464844,71.5,0.474206
5.083335876464844,71.58334350585938,0.4706419
5.083335876464844,71.66667175292969,0.4668368
5.083335876464844,71.75,0.46141446
5.083335876464844,71.83334350585938,0.45816112
5.083335876464844,71.91667175292969,0.45962757
5.083335876464844,72.0,0.4629877
5.083335876464844,72.08334350585938,0.46548542
5.083335876464844,72.16667175292969,0.4638558
5.083335876464844,72.25,0.46180037
5.083335876464844,72.33334350585938,0.46132728
5.083335876464844,72.41667175292969,0.464276
5.083335876464844,72.5,0.4670015
5.083335876464844,72.58334350585938,0.46890876
5.083335876464844,72.66667175292969,0.46940893
5.083335876464844,72.75,0.46891716
5.083335876464844,72.83334350585938,0.46682185
5.083335876464844,72.91667175292969,0.46566498
5.083335876464844,73.0,0.4663074
5.083335876464844,73.08334350585938,0.48347387
5.083335876464844,73.16667175292969,0.48021674
5.083335876464844,73.25,0.47766447
5.083335876464844,73.33334350585938,0.47574678
5.083335876464844,73.41667175292969,0.4725451
5.083335876464844,73.5,0.4696899
5.083335876464844,73.58334350585938,0.46678546
5.083335876464844,73.66667175292969,0.46293175
5.083335876464844,73.75,0.46001124
5.083335876464844,73.83334350585938,0.45560697
5.083335876464844,73.91667175292969,0.45050108
5.083335876464844,74.0,0.44653028
5.083335876464844,74.08334350585938,0.4425377
5.083335876464844,74.16667175292969,0.43846974
5.083335876464844,74.25,0.4345123
5.083335876464844,74.33334350585938,0.4307753
5.083335876464844,74.41667175292969,0.42680913
5.083335876464844,74.5,0.42237714
5.083335876464844,74.58334350585938,0.41829452
5.083335876464844,74.66667175292969,0.41409647
5.083335876464844,74.75,0.4099443
5.083335876464844,74.83334350585938,0.4054816
5.083335876464844,74.91667175292969,0.4009017
5.083335876464844,75.0,0.39611346
5.083335876464844,75.08334350585938,0.39176473
5.083335876464844,75.16667175292969,0.38768333
5.083335876464844,75.25,0.3839039
5.083335876464844,75.33334350585938,0.37994328
5.083335876464844,75.41667175292969,0.37620145
5.083335876464844,75.5,0.3727744
5.083335876464844,75.58334350585938,0.36993986
5.083335876464844,75.66667175292969,0.3677153
5.083335876464844,75.75,0.36625597
5.083335876464844,75.83334350585938,0.36544284
5.083335876464844,75.91667175292969,0.3654408
5.083335876464844,76.0,0.3663443
5.083335876464844,76.08334350585938,0.36775327
5.083335876464844,76.16668701171875,0.36902902
5.083335876464844,76.25,0.3703342
5.083335876464844,76.33334350585938,0.3717506
5.083335876464844,76.41668701171875,0.3734764
5.083335876464844,76.5,0.37553427
5.083335876464844,76.58334350585938,0.3776063
5.083335876464844,76.66668701171875,0.37948132
5.083335876464844,76.75,0.3814015
5.083335876464844,76.83334350585938,0.38292938
5.083335876464844,76.91668701171875,0.38375518
5.083335876464844,77.0,0.38422182
5.083335876464844,77.08334350585938,0.38435906
5.083335876464844,77.16668701171875,0.38484004
5.083335876464844,77.25,0.3862419
5.083335876464844,77.33334350585938,0.38841593
5.083335876464844,77.41668701171875,0.3911729
5.083335876464844,77.5,0.39400896
5.083335876464844,77.58334350585938,0.39632565
5.083335876464844,77.66668701171875,0.39845756
5.083335876464844,77.75,0.40074995
5.083335876464844,77.83334350585938,0.40367097
5.083335876464844,77.91668701171875,0.40723777
5.083335876464844,78.0,0.41063285
5.083335876464844,78.08334350585938,0.41419816
5.083335876464844,78.16668701171875,0.41684094
5.083335876464844,78.25,0.4176776
5.083335876464844,78.33334350585938,0.41799495
5.083335876464844,78.41668701171875,0.41828576
5.083335876464844,78.5,0.41809264
5.083335876464844,78.58334350585938,0.41650397
5.083335876464844,78.66668701171875,0.41423598
5.083335876464844,78.75,0.41188478
5.083335876464844,78.83334350585938,0.40936816
5.083335876464844,78.91668701171875,0.40656435
5.083335876464844,79.0,0.4031639
5.083335876464844,79.08334350585938,0.40010813
5.083335876464844,79.16668701171875,0.3977475
5.083335876464844,79.25,0.39531532
5.083335876464844,79.33334350585938,0.39176062
5.083335876464844,79.41668701171875,0.38705072
5.083335876464844,79.5,0.38092494
5.083335876464844,79.58334350585938,0.3744002
5.083335876464844,79.66668701171875,0.36847857
5.083335876464844,79.75,0.3634139
5.083335876464844,79.83334350585938,0.35893777
5.083335876464844,79.91668701171875,0.35470343
5.083335876464844,80.0,0.34970012
5.083335876464844,80.08334350585938,0.34452736
5.083335876464844,80.16668701171875,0.33969718
5.083335876464844,80.25,0.3359683
5.083335876464844,80.33334350585938,0.3336849
5.083335876464844,80.41668701171875,0.33149868
5.083335876464844,80.5,0.32953826
5.083335876464844,80.58334350585938,0.32717475
5.083335876464844,80.66668701171875,0.3243013
5.083335876464844,80.75,0.32169384
5.083335876464844,80.83334350585938,0.31964755
5.083335876464844,80.91668701171875,0.31755763
5.083335876464844,81.0,0.31561795
5.083335876464844,81.08334350585938,0.31418034
5.083335876464844,81.16668701171875,0.31356534
5.083335876464844,81.25,0.31366697
5.083335876464844,81.33334350585938,0.31430328
5.083335876464844,81.41668701171875,0.31499937
5.083335876464844,81.5,0.31544727
5.083335876464844,81.58334350585938,0.31583184
5.083335876464844,81.66668701171875,0.31613547
5.083335876464844,81.75,0.3165738
5.083335876464844,81.83334350585938,0.31752914
5.083335876464844,81.91668701171875,0.3187038
5.083335876464844,82.0,0.3197041
5.083335876464844,82.08334350585938,0.32012695
5.083335876464844,82.16668701171875,0.32023662
5.083335876464844,82.25,0.32045856
5.083335876464844,82.33334350585938,0.32064754
5.083335876464844,82.41668701171875,0.31992778
5.083335876464844,82.5,0.31837353
5.083335876464844,82.58334350585938,0.31693923
5.083335876464844,82.66668701171875,0.3159933
5.083335876464844,82.75,0.3159007
5.083335876464844,82.83334350585938,0.31649673
5.083335876464844,82.91668701171875,0.3174019
5.083335876464844,83.0,0.3180042
5.083335876464844,83.08334350585938,0.31806108
5.083335876464844,83.16668701171875,0.31769136
5.083335876464844,83.25,0.317125
5.083335876464844,83.33334350585938,0.3171067
5.083335876464844,83.41668701171875,0.31829306
5.083335876464844,83.5,0.32107234
5.083335876464844,83.58334350585938,0.32425165
5.083335876464844,83.66668701171875,0.32730526
5.083335876464844,83.75,0.33023888
5.083335876464844,83.83334350585938,0.3332213
5.083335876464844,83.91668701171875,0.33625102
5.083335876464844,84.0,0.3393118
5.083335876464844,84.08334350585938,0.34247983
5.083335876464844,84.16668701171875,0.345559
5.083335876464844,84.25,0.34904414
5.083335876464844,84.33334350585938,0.35282242
5.083335876464844,84.41668701171875,0.3568273
5.083335876464844,84.5,0.36081538
5.083335876464844,84.58334350585938,0.36423475
5.083335876464844,84.66668701171875,0.36710486
5.083335876464844,84.75,0.36954585
5.083335876464844,84.83334350585938,0.3716901
5.083335876464844,84.91668701171875,0.37396917
5.083335876464844,85.0,0.37643442
5.083335876464844,85.08334350585938,0.37892354
5.083335876464844,85.16668701171875,0.3808898
5.083335876464844,85.25,0.3828255
5.083335876464844,85.33334350585938,0.3844963
5.083335876464844,85.41668701171875,0.3858259
5.083335876464844,85.5,0.38685024
5.083335876464844,85.58334350585938,0.3872949
5.083335876464844,85.66668701171875,0.3870814
5.083335876464844,85.75,0.3868712
5.083335876464844,85.83334350585938,0.38687575
5.083335876464844,85.91668701171875,0.38664407
5.083335876464844,86.0,0.38645822
5.083335876464844,86.08334350585938,0.38612172
5.083335876464844,86.16668701171875,0.38536647
5.083335876464844,86.25,0.3841952
5.083335876464844,86.33334350585938,0.38246182
5.083335876464844,86.41668701171875,0.3803853
5.083335876464844,86.5,0.37802532
5.083335876464844,86.58334350585938,0.37518215
5.083335876464844,86.66668701171875,0.37192026
5.083335876464844,86.75,0.36863247
5.083335876464844,86.83334350585938,0.36542442
5.083335876464844,86.91668701171875,0.36192435
5.083335876464844,87.0,0.3581144
5.083335876464844,87.08334350585938,0.35451636
5.083335876464844,87.16668701171875,0.35127103
5.083335876464844,87.25,0.34812236
5.083335876464844,87.33334350585938,0.34489852
5.083335876464844,87.41668701171875,0.34133524
5.083335876464844,87.5,0.33772823
5.083335876464844,87.58334350585938,0.33499092
5.083335876464844,87.66668701171875,0.3333269
5.083335876464844,87.75,0.332143
5.083335876464844,87.83334350585938,0.33108792
5.083335876464844,87.91668701171875,0.33014202
5.083335876464844,88.0,0.32958516
5.083335876464844,88.08334350585938,0.32958817
5.083335876464844,88.16668701171875,0.32994926
5.083335876464844,88.25,0.33106607
5.083335876464844,88.33334350585938,0.33245027
5.083335876464844,88.41668701171875,0.3335884
5.083335876464844,88.5,0.33466426
5.083335876464844,88.58334350585938,0.3357607
5.083335876464844,88.66668701171875,0.33689326
5.083335876464844,88.75,0.33881873
5.083335876464844,88.83334350585938,0.34032723
5.083335876464844,88.91668701171875,0.34136263
